x,y
0.0,-7.355999012985794
0.05,15.660322989646206
0.1,9.610356112949965
0.15000000000000002,15.6540017132517
0.2,-23.02619049961288
0.25,26.568142195430475
0.30000000000000004,14.804571059604928
0.35000000000000003,-8.342515748508285
0.4,12.809637015867985
0.45,26.037478482543772
0.5,-31.824965560922006
0.55,6.348691333412071
0.6000000000000001,-0.8685863597674979
0.65,6.277933850824352
0.7000000000000001,-9.554977491464719
0.75,24.272200157131085
0.8,11.357874640724276
0.8500000000000001,-8.01820870667672
0.9,2.64643204779252
0.9500000000000001,12.254893127105202
1.0,-13.507216996591207
1.05,-18.803003157519242
1.1,-30.953493351490614
1.1500000000000001,-10.598639159999756
1.2000000000000002,6.428293393168197
1.25,3.1369731364514024
1.3,52.948365250209044
1.35,11.064149109166058
1.4000000000000001,-14.818182605500898
1.4500000000000002,28.42586510450691
1.5,33.204581813324474
1.55,-9.551234910638605
1.6,9.665780428137008
1.6500000000000001,13.777673812223787
1.7000000000000002,32.61308230971597
1.75,10.639122999313361
1.8,-16.827987130568317
1.85,-4.615739747154375
1.9000000000000001,-7.2387348487585825
1.9500000000000002,23.27678018356706
2.0,4.160575012757348
2.0500000000000003,14.961034294955239
2.1,4.839952577629627
2.15,-11.446721477363614
2.2,14.25454257044743
2.25,-0.7040309464468228
2.3000000000000003,-12.322021975724477
2.35,-11.78299517909991
2.4000000000000004,23.803204829954815
2.45,-14.168833144384637
2.5,-2.5935698388865136
2.5500000000000003,14.35908346234036
2.6,24.390287075956337
2.6500000000000004,-4.705032721243053
2.7,33.00940834967494
2.75,-13.045918179100589
2.8000000000000003,46.33969149702581
2.85,-11.978649526762695
2.9000000000000004,18.458714888825078
2.95,8.355030062348773
3.0,8.293163296978662
3.0500000000000003,25.82808075626586
3.1,11.297972939144124
3.1500000000000004,20.22001295170807
3.2,-4.255307674996503
3.25,-22.089465915635365
3.3000000000000003,4.584292785606968
3.35,31.49903399321825
3.4000000000000004,-8.352013711304053
3.45,13.19709507853486
3.5,-5.584454135418301
3.5500000000000003,5.6487115245269
3.6,45.013800205242816
3.6500000000000004,-12.554987922099896
3.7,-6.263044597556945
3.75,4.598729614026247
3.8000000000000003,4.389507517190081
3.85,-41.58833450932773
3.9000000000000004,9.90275558965489
3.95,3.145061926759504
4.0,17.934716393349525
4.05,-8.374427837030156
4.1000000000000005,23.400594017852484
4.15,-7.989032944020731
4.2,-1.8111379482843781
4.25,22.14820262888082
4.3,32.316927900579756
4.3500000000000005,42.33982818999725
4.4,-2.221613393912151
4.45,26.541109783421582
4.5,15.712407313275323
4.55,14.456022575423692
4.6000000000000005,1.3605337256426415
4.65,22.88391879594051
4.7,32.704130361554476
4.75,41.19701355840038
4.800000000000001,1.6725145995598376
4.8500000000000005,19.679385789757248
4.9,-7.0973760151141665
4.95,-28.98904367296974
5.0,27.22404078478312
5.050000000000001,6.3330947740150165
5.1000000000000005,3.193445496784463
5.15,-12.68046540041787
5.2,12.253242937556049
5.25,38.20438994414943
5.300000000000001,8.857888610002316
5.3500000000000005,5.442667637240543
5.4,28.876485789244526
5.45,9.937314070954779
5.5,5.993676530439297
5.550000000000001,-3.587114922867568
5.6000000000000005,-14.224814139920218
5.65,-21.49968558384693
5.7,33.76141152879333
5.75,1.3543457798170349
5.800000000000001,17.534716243940316
5.8500000000000005,15.411374975020678
5.9,3.22431157713249
5.95,-12.647119559604441
6.0,15.995413376908743
6.050000000000001,9.60933505177577
6.1000000000000005,5.443671755767922
6.15,33.76126798077145
6.2,13.671356892903022
6.25,9.92742280878911
6.300000000000001,-7.251820480589258
6.3500000000000005,-13.0998467553602
6.4,15.699240498842048
6.45,21.464603150578736
6.5,10.0564302643302
6.550000000000001,31.933748025786763
6.6000000000000005,16.185844114433444
6.65,37.704437966676146
6.7,28.617493313060248
6.75,0.792355448746171
6.800000000000001,-3.3432635133494535
6.8500000000000005,-23.002652460899284
6.9,-2.143555162525831
6.95,42.55968472538626
7.0,25.43108169460213
7.050000000000001,26.89664188033031
7.1000000000000005,-21.009814918322682
7.15,11.105856849698153
7.2,26.041570710265965
7.25,18.304232002395185
7.300000000000001,11.145914540685508
7.3500000000000005,22.388559371939348
7.4,7.999910349101186
7.45,27.492151673926745
7.5,23.49629875723099
7.550000000000001,3.0121214271073002
7.6000000000000005,-0.10573402059342296
7.65,14.134448755755612
7.7,-3.1519549670451528
7.75,39.926351081601815
7.800000000000001,34.37469198557325
7.8500000000000005,8.57136771431913
7.9,21.87049372754776
7.95,-1.9354493748487522
8.0,19.692955901918864
8.05,15.841633950163528
8.1,11.499544942733227
8.15,8.377771385125216
8.200000000000001,18.42241140673894
8.25,23.85979170292555
8.3,1.1625157615909831
8.35,-0.27578754441642594
8.4,-41.880431441250046
8.450000000000001,16.667207282606533
8.5,-4.906787401692412
8.55,5.016633647315212
8.6,37.190805163611486
8.65,-3.5152517594243533
8.700000000000001,4.827038004794694
8.75,42.42438967222241
8.8,-14.254737002595832
8.85,20.21748879576937
8.9,15.33215197782845
8.950000000000001,48.57068446695212
9.0,24.473489970291805
9.05,-2.722016444211088
9.1,34.24113845444278
9.15,8.551008997556512
9.200000000000001,22.936521280185886
9.25,15.526521056520563
9.3,13.125769012663477
9.35,-32.910877365335175
9.4,22.189042100355802
9.450000000000001,22.561128446265503
9.5,4.936468821617742
9.55,15.381630885988079
9.600000000000001,-3.5992026886732735
9.65,-13.337985337951153
9.700000000000001,-21.742370250952785
9.75,20.101413955591948
9.8,-12.741157353734808
9.850000000000001,14.249689535544935
9.9,18.366103560207147
9.950000000000001,31.162734614717692
10.0,23.25153357988624
10.05,15.892911978024905
10.100000000000001,26.223369970834742
10.15,29.891586487931765
10.200000000000001,4.2119872216765035
10.25,-10.881537618495798
10.3,16.085944668942435
10.350000000000001,16.650008008290886
10.4,27.709211152689456
10.450000000000001,28.670021641812554
10.5,25.640400139301914
10.55,30.254039672386135
10.600000000000001,7.360068516221504
10.65,2.6596716325469214
10.700000000000001,22.83086224522512
10.75,39.188298103786614
10.8,-13.870896265585753
10.850000000000001,17.046608380731502
10.9,17.511696904645728
10.950000000000001,-1.2035273994822213
11.0,15.017094505149883
11.05,-10.730892215443037
11.100000000000001,16.8095615832704
11.15,-2.904475625562798
11.200000000000001,39.21938594267423
11.25,25.928765650569254
11.3,11.610556028807009
11.350000000000001,19.310333275608805
11.4,82.62859581234115
11.450000000000001,7.941185213680804
11.5,12.479633801350067
11.55,-3.534895182924884
11.600000000000001,63.7897485079398
11.65,46.43104132824672
11.700000000000001,38.396107688415924
11.75,16.322834923835746
11.8,34.02293795500787
11.850000000000001,56.13625162737274
11.9,32.811411575234715
11.950000000000001,7.433230844626458
12.0,32.410224580426366
12.05,-9.81007094867634
12.100000000000001,-14.756086704500067
12.15,-7.432103826152221
12.200000000000001,20.095425176819855
12.25,-19.004321751636084
12.3,-17.432600829996304
12.350000000000001,54.16364006624548
12.4,19.14310251909018
12.450000000000001,23.10182213445686
12.5,34.48837099082697
12.55,43.056828898067415
12.600000000000001,24.923323790931395
12.65,30.529281957426473
12.700000000000001,11.233470308949856
12.75,24.47045842996013
12.8,19.967653254114524
12.850000000000001,10.457340266912436
12.9,44.989936050779406
12.950000000000001,33.198914111867786
13.0,18.353739372446555
13.05,17.0695359246633
13.100000000000001,42.22746242732984
13.15,35.239470663750566
13.200000000000001,16.771257762609416
13.25,22.15527037353724
13.3,21.672031064080922
13.350000000000001,7.47481459160425
13.4,39.499124844903946
13.450000000000001,41.37923302078495
13.5,49.12981167092537
13.55,-14.469932462659768
13.600000000000001,17.508601674350324
13.65,11.623720100324553
13.700000000000001,2.4082869919785472
13.75,-30.933585140821585
13.8,38.441346484343505
13.850000000000001,17.191159441775163
13.9,34.24121892566364
13.950000000000001,-7.525971275843901
14.0,47.06575781318766
14.05,-32.92582341313245
14.100000000000001,-21.06616168195176
14.15,29.78986171274706
14.200000000000001,31.15645373767611
14.25,-3.437858047944993
14.3,39.97571700566297
14.350000000000001,-4.791209657456123
14.4,-8.838890314133
14.450000000000001,48.39499918958153
14.5,44.9064928985577
14.55,50.79447714427481
14.600000000000001,37.319705674428356
14.65,29.124797503698552
14.700000000000001,37.496763551392775
14.75,15.71305085675758
14.8,8.548579319884889
14.850000000000001,47.00259733919582
14.9,59.9646063591903
14.950000000000001,31.636499225324062
15.0,19.39210490064312
15.05,15.86311763430248
15.100000000000001,33.696458176201915
15.15,29.316689289262452
15.200000000000001,42.344680536894664
15.25,-2.406649528167878
15.3,11.477071957080472
15.350000000000001,25.573500978725818
15.4,28.354352305879555
15.450000000000001,-8.271963606815032
15.5,22.464452629364576
15.55,-40.53091848272342
15.600000000000001,48.37224666151196
15.65,59.11041225014247
15.700000000000001,-6.5233801791473045
15.75,35.916123202377335
15.8,7.117807771119862
15.850000000000001,-32.125413814241085
15.9,52.764656420471255
15.950000000000001,-10.655880546624731
16.0,8.69232029041483
16.05,-4.608795778254965
16.1,-2.7658907206250145
16.150000000000002,-19.713624025762915
16.2,10.746352453809019
16.25,7.974583193552158
16.3,11.244834783975499
16.35,48.040770452820425
16.400000000000002,6.2052181081923505
16.45,0.1971317384325335
16.5,11.81766782252259
16.55,76.03833576350323
16.6,19.00559449104261
16.650000000000002,24.673969273569725
16.7,35.09554598960179
16.75,10.799307909974292
16.8,0.5747877038176377
16.85,8.433018130623125
16.900000000000002,9.107360716478562
16.95,23.735888934751976
17.0,26.350045313616764
17.05,41.54330920672139
17.1,43.276016408418265
17.150000000000002,50.72828471008354
17.2,38.7981919697052
17.25,69.02645420825287
17.3,38.86418420546598
17.35,12.251515101763776
17.400000000000002,22.545999774173648
17.45,37.105659387156756
17.5,28.85451589840325
17.55,50.73268598258002
17.6,18.004163244821545
17.650000000000002,15.119596465904735
17.7,8.107528882496894
17.75,23.179064369330444
17.8,14.40904033136099
17.85,46.723088298471126
17.900000000000002,25.5258517961624
17.95,18.486222115114845
18.0,28.98805636778821
18.05,56.89153814273301
18.1,37.869636924227514
18.150000000000002,34.368130636441556
18.2,54.84720379664577
18.25,12.951872487912217
18.3,15.322690475310711
18.35,-9.635861643972337
18.400000000000002,53.69867960783468
18.45,23.24857068509973
18.5,42.10391204210429
18.55,38.05916830065822
18.6,5.606463792514409
18.650000000000002,26.863220391604663
18.7,5.9247909122968565
18.75,-0.6529698126154937
18.8,-28.87836209237018
18.85,17.048666222612432
18.900000000000002,19.224852568086533
18.95,-22.428499992227074
19.0,28.338254903565836
19.05,18.35453271717006
19.1,1.0914672001735237
19.150000000000002,54.53287132026747
19.200000000000003,23.389914486814938
19.25,44.984851366324044
19.3,-4.716281135266126
19.35,51.66706309482148
19.400000000000002,-3.9728414431637766
19.450000000000003,-16.34235374654814
19.5,39.17021961984491
19.55,16.574524136991077
19.6,11.026169977201228
19.650000000000002,22.649190244635726
19.700000000000003,34.71922698063432
19.75,22.19678498848387
19.8,0.7025018338763509
19.85,30.152991104694337
19.900000000000002,45.52115937771639
19.950000000000003,15.406026843256834
20.0,-25.021177154210914
20.05,52.026246419226396
20.1,23.765572694615727
20.150000000000002,20.192905829297562
20.200000000000003,47.695985819034036
20.25,69.07521865571601
20.3,31.488731475369875
20.35,26.189829511979887
20.400000000000002,35.03270912195292
20.450000000000003,61.618274404721404
20.5,35.78108775178893
20.55,15.856739513066326
20.6,3.5586478436039224
20.650000000000002,72.17206423703082
20.700000000000003,-20.040770680879376
20.75,30.017985989592688
20.8,21.880903004822713
20.85,3.459368087984031
20.900000000000002,10.487267193281419
20.950000000000003,27.831555575325677
21.0,56.9133507432896
21.05,37.27913678409448
21.1,67.7845077790593
21.150000000000002,3.1424301606869065
21.200000000000003,66.47114324074796
21.25,0.0848201134592319
21.3,54.01584937245831
21.35,44.1291044788473
21.400000000000002,28.871743202551492
21.450000000000003,23.929341097778703
21.5,39.07962521204504
21.55,14.170877561325362
21.6,19.932317921472116
21.650000000000002,-0.6152668835918345
21.700000000000003,4.333292166341364
21.75,-4.9384451781283705
21.8,29.140062797116737
21.85,32.64796408255071
21.900000000000002,5.1962021378402605
21.950000000000003,31.01154329743282
22.0,6.309653698679132
22.05,-16.790683065981014
22.1,49.200556240409924
22.150000000000002,28.50252244016939
22.200000000000003,46.40015882775014
22.25,37.51634030852135
22.3,32.61271194914797
22.35,6.679579766855384
22.400000000000002,21.978218100997342
22.450000000000003,48.62658355442921
22.5,24.3805666719117
22.55,36.1413910693832
22.6,1.225213117042089
22.650000000000002,50.13811568761777
22.700000000000003,8.270555346330953
22.75,29.309193826737296
22.8,36.17837907282114
22.85,0.018374782257022382
22.900000000000002,47.96315719921607
22.950000000000003,65.3400293613122
23.0,55.884049321670645
23.05,28.95826851367799
23.1,22.128057092845488
23.150000000000002,38.65239816108689
23.200000000000003,-25.594983841825922
23.25,34.82034530691158
23.3,38.200784887736376
23.35,19.85929023887848
23.400000000000002,34.8661318673628
23.450000000000003,40.06889670698012
23.5,35.47366014062635
23.55,27.840168792104482
23.6,26.471420937477568
23.650000000000002,62.15164185173621
23.700000000000003,12.602061987627128
23.75,9.33632679126841
23.8,46.036432118312746
23.85,46.518159240704065
23.900000000000002,19.273472670313023
23.950000000000003,-9.154306566838956
24.0,26.255899888053182
24.05,37.09656465730579
24.1,41.947410764131
24.150000000000002,27.267189105658392
24.200000000000003,14.355880155039683
24.25,10.238194385332086
24.3,25.771066515029858
24.35,59.45532029240921
24.400000000000002,20.715004412657787
24.450000000000003,22.417877914436552
24.5,27.391157025899012
24.55,96.65664284752138
24.6,49.00420515924032
24.650000000000002,5.690857587026116
24.700000000000003,38.07493334918441
24.75,32.117639914946416
24.8,97.08347378724889
24.85,27.709866085410486
24.900000000000002,47.750125460555
24.950000000000003,47.81482072910994
25.0,24.58366920133371
25.05,42.32167651457404
25.1,-11.260295324089538
25.150000000000002,44.01180106225324
25.200000000000003,56.12795647224932
25.25,7.9678314730453135
25.3,3.9215561876720244
25.35,0.8066275208482843
25.400000000000002,23.998750669340513
25.450000000000003,31.90351691294209
25.5,14.882531389308975
25.55,-5.413001267649219
25.6,35.6083040601107
25.650000000000002,20.38765474907519
25.700000000000003,72.9851885276196
25.75,42.59471654145592
25.8,62.56351941535697
25.85,25.68715673405683
25.900000000000002,-12.549944618148144
25.950000000000003,16.08887263072864
26.0,32.13043481877344
26.05,22.355597222910255
26.1,35.18681328142851
26.150000000000002,27.942582531788137
26.200000000000003,50.28295700625033
26.25,3.5626293247446927
26.3,11.100186969993231
26.35,27.70767836400842
26.400000000000002,71.000244876672
26.450000000000003,36.9976787877205
26.5,49.46928965906231
26.55,54.29384548102625
26.6,-9.572902074807379
26.650000000000002,20.18694483165897
26.700000000000003,14.559239103586195
26.75,44.039064330253524
26.8,41.32139623971704
26.85,60.49003775549968
26.900000000000002,34.18897870448694
26.950000000000003,12.246740494071135
27.0,75.0655638858224
27.05,51.28183399196606
27.1,33.80786024809489
27.150000000000002,34.015960576302724
27.200000000000003,41.294894878577445
27.25,25.938497859400364
27.3,66.81281218158223
27.35,28.100114613336668
27.400000000000002,59.058661038428355
27.450000000000003,31.715461863009143
27.5,32.81791313802383
27.55,46.22965972602751
27.6,34.80495193838497
27.650000000000002,49.080106540304385
27.700000000000003,41.03194149039712
27.75,38.36962803059425
27.8,50.87906517730746
27.85,-11.58424679152887
27.900000000000002,-16.067912699229915
27.950000000000003,17.24411960991446
28.0,31.060493021066403
28.05,30.15549114400762
28.1,31.500296851880005
28.150000000000002,51.21017582695207
28.200000000000003,-14.921389701048042
28.25,13.381816869404325
28.3,22.09438972145052
28.35,36.42964427411497
28.400000000000002,4.66328344527988
28.450000000000003,25.58313711390749
28.5,35.982148317891436
28.55,11.15426144209125
28.6,13.343333493132008
28.650000000000002,12.592098164205291
28.700000000000003,46.92078124937836
28.75,51.133430410788705
28.8,19.414253331308903
28.85,36.134732487974475
28.900000000000002,43.769997727949644
28.950000000000003,40.105467706371385
29.0,26.963096874238463
29.05,48.91451387189112
29.1,34.72174291410081
29.150000000000002,50.01091630670771
29.200000000000003,24.39444043570746
29.25,-5.100466551068575
29.3,37.903439228809816
29.35,15.207707557799287
29.400000000000002,13.704315054854835
29.450000000000003,11.276192245976171
29.5,39.369229769582255
29.55,89.793969612905
29.6,-1.9084199295228403
29.650000000000002,32.49364804317808
29.700000000000003,19.681592803519923
29.75,44.15588126710775
29.8,49.463510521292946
29.85,41.82848665393244
29.900000000000002,21.619069354988934
29.950000000000003,20.426009228847025
30.0,57.952699012614474
30.05,79.99214869525467
30.1,33.034768406109464
30.150000000000002,13.190421216074363
30.200000000000003,44.944841584161125
30.25,26.588046180631057
30.3,59.414396476465484
30.35,15.063837107456797
30.400000000000002,11.26547116352159
30.450000000000003,66.6119318964221
30.5,35.558562876592326
30.55,38.104948609556565
30.6,26.37564256539732
30.650000000000002,29.10440598572406
30.700000000000003,14.784495650080526
30.75,26.647031137434762
30.8,27.17467467981421
30.85,42.4552565891724
30.900000000000002,48.843167593777245
30.950000000000003,56.65688996106712
31.0,49.074500207048644
31.05,52.998527472179624
31.1,56.28729515423611
31.150000000000002,42.856645889590645
31.200000000000003,61.20303252022731
31.25,45.22470848025856
31.3,15.518752443226658
31.35,14.497750962250873
31.400000000000002,26.199975151690637
31.450000000000003,39.082632537482525
31.5,30.227671729953123
31.55,32.054370814651676
31.6,33.34421670546551
31.650000000000002,44.11924508522148
31.700000000000003,48.03461820350909
31.75,14.942578521652823
31.8,11.10810489467057
31.85,35.56856873024706
31.900000000000002,52.44208746965096
31.950000000000003,29.209853882217526
32.0,51.372216940270846
32.050000000000004,44.026385520509315
32.1,30.414312667043195
32.15,30.629888673238142
32.2,20.55632464057421
32.25,55.67753677551249
32.300000000000004,35.716613735104204
32.35,48.983175595945085
32.4,87.43001153689438
32.45,50.82412676155629
32.5,56.66525470585678
32.550000000000004,45.15097045335354
32.6,34.35032687745547
32.65,52.11542409950305
32.7,28.917864009243694
32.75,30.96676800234268
32.800000000000004,77.37730217369345
32.85,48.70310094631033
32.9,-8.798690903004777
32.95,64.80905854490528
33.0,35.43899842367808
33.050000000000004,4.640086890719089
33.1,54.8419372957089
33.15,55.407633880316865
33.2,32.77814713991732
33.25,37.4574735518293
33.300000000000004,19.499180770871938
33.35,67.48570893024257
33.4,50.80060418096883
33.45,27.810628115534115
33.5,11.73747260396269
33.550000000000004,65.18879610461258
33.6,60.105596298975144
33.65,44.745228022802834
33.7,25.492746140566695
33.75,42.070031809658936
33.800000000000004,20.015921527049702
33.85,32.081852960041736
33.9,35.88916288051214
33.95,36.082238838333
34.0,24.92847068541472
34.050000000000004,49.281441679045535
34.1,46.52251095950152
34.15,15.613690294013532
34.2,57.81830925331583
34.25,36.67109501774712
34.300000000000004,61.18267405934678
34.35,39.83114114397389
34.4,45.89575929408145
34.45,67.93111671791816
34.5,81.52217877029307
34.550000000000004,-1.5423152382620362
34.6,33.98048472402925
34.65,25.7950494890779
34.7,10.514475911472605
34.75,45.74310019341115
34.800000000000004,75.16294448655425
34.85,52.862359304053825
34.9,37.523342417226026
34.95,34.062244677660004
35.0,57.74528540711037
35.050000000000004,75.23754288155298
35.1,37.829745963209284
35.15,46.85066347327744
35.2,45.103209649963645
35.25,47.90072064912726
35.300000000000004,70.512133069345
35.35,66.6864311052183
35.4,47.07798962068468
35.45,57.88306596385986
35.5,-16.917364603190563
35.550000000000004,59.1190209813157
35.6,7.793305203350927
35.65,61.321663775172915
35.7,48.521910795821846
35.75,23.682024221158038
35.800000000000004,28.97184939285708
35.85,19.538496666720267
35.9,57.068132981723636
35.95,47.441642101270304
36.0,11.445697902095535
36.050000000000004,32.70810116797032
36.1,61.422174868759086
36.15,15.599073784172788
36.2,94.67515312623406
36.25,62.221679779148936
36.300000000000004,76.13190791574772
36.35,65.43155787299233
36.4,37.3259276101361
36.45,114.16222190764302
36.5,24.302345650726
36.550000000000004,44.72861532112366
36.6,20.416360636239016
36.65,66.93672139485567
36.7,45.552805190700425
36.75,9.987095851155111
36.800000000000004,19.211978809092354
36.85,40.123104881629196
36.9,60.61674134763294
36.95,60.148672659046916
37.0,76.06213274439189
37.050000000000004,60.62385316915524
37.1,53.05880896305639
37.15,36.98366365507482
37.2,74.74105036756266
37.25,36.48828461658071
37.300000000000004,53.15792622111211
37.35,72.5157298635723
37.4,33.56538048711679
37.45,45.166375242209995
37.5,31.896305882865672
37.550000000000004,50.7180025703273
37.6,75.64253757089288
37.65,22.881631391548652
37.7,84.46539952667716
37.75,31.671993888648593
37.800000000000004,42.364095838016546
37.85,96.7813625487839
37.9,14.08485438904031
37.95,60.41728645017904
38.0,48.76193042838814
38.050000000000004,42.516406874483685
38.1,39.89877622117028
38.15,58.46805603604745
38.2,33.04997830319212
38.25,37.48329738954168
38.300000000000004,47.95942005744156
38.35,74.14624371004686
38.400000000000006,40.358696456693
38.45,55.232712899531236
38.5,14.652935222661746
38.550000000000004,55.76066766440719
38.6,18.35864043163012
38.650000000000006,49.31992288322451
38.7,22.811049513155602
38.75,39.867205147127315
38.800000000000004,51.50434472663306
38.85,47.297420730077064
38.900000000000006,21.27498569202993
38.95,36.254156755858546
39.0,19.09178585166772
39.050000000000004,-6.741057186173725
39.1,-25.773946281489053
39.150000000000006,63.8338915242481
39.2,38.69628734522063
39.25,15.62166797848758
39.300000000000004,34.6310184461931
39.35,31.18403217347886
39.400000000000006,55.953098873494895
39.45,68.76145624358581
39.5,76.69594210226845
39.550000000000004,30.938164785272726
39.6,80.06303640430679
39.650000000000006,48.30084900491863
39.7,65.46172387035689
39.75,14.360592437378154
39.800000000000004,30.153508046535386
39.85,63.18217910500096
39.900000000000006,56.981216704727366
39.95,36.76023203638785
40.0,74.2001813513765
40.050000000000004,65.21912848659501
40.1,68.29442749371236
40.150000000000006,63.00822981921905
40.2,60.55543548789174
40.25,40.9555021857944
40.300000000000004,42.2704723103366
40.35,33.301417642868216
40.400000000000006,-1.3017613384939732
40.45,54.76567474945256
40.5,39.29366776059642
40.550000000000004,76.56913609185676
40.6,58.11344426606158
40.650000000000006,40.76168455180752
40.7,28.27390231224545
40.75,39.43733710044289
40.800000000000004,41.08359143157786
40.85,48.977155982551245
40.900000000000006,38.5218611848136
40.95,16.949033950884214
41.0,23.06128271713338
41.050000000000004,44.74459494202687
41.1,42.64798406622123
41.150000000000006,68.25843939594752
41.2,67.47568320815189
41.25,62.1737172352539
41.300000000000004,55.82898585432607
41.35,57.968509743793604
41.400000000000006,26.56705597883439
41.45,48.971290882617936
41.5,71.15331257440538
41.550000000000004,33.3595844959111
41.6,55.019474820409975
41.650000000000006,42.24896682196356
41.7,51.269999094033565
41.75,56.30000801257805
41.800000000000004,48.14063833083838
41.85,32.31138088711526
41.900000000000006,92.82508597706193
41.95,65.7664017475843
42.0,43.90724476753144
42.050000000000004,41.563107185694946
42.1,71.07233457265772
42.150000000000006,37.994547841317086
42.2,45.65968982373268
42.25,49.59316075727751
42.300000000000004,46.094813845129984
42.35,13.44337538007008
42.400000000000006,58.954133031931946
42.45,55.59973444747021
42.5,71.17377239161439
42.550000000000004,31.92095612094565
42.6,10.349761120687408
42.650000000000006,60.7363041148305
42.7,70.7458723442251
42.75,46.02386355150074
42.800000000000004,62.846064213336355
42.85,48.987899332214866
42.900000000000006,55.61854322614231
42.95,54.18751475776599
43.0,59.38025589001656
43.050000000000004,52.22621442531429
43.1,30.908863778331632
43.150000000000006,57.766434613170475
43.2,48.64425580258212
43.25,41.98146671328315
43.300000000000004,52.64117525865569
43.35,85.5820583399753
43.400000000000006,39.397157961376436
43.45,29.385612685150797
43.5,41.50528371403385
43.550000000000004,46.80725442033412
43.6,58.25845781700902
43.650000000000006,61.84661100208355
43.7,35.30108264909898
43.75,38.37697676194566
43.800000000000004,84.85362446265196
43.85,25.30771903686072
43.900000000000006,63.5829095730002
43.95,24.437999073040782
44.0,50.04373717647101
44.050000000000004,33.871439512006944
44.1,51.22947069966244
44.150000000000006,67.48271563471654
44.2,84.31641957527252
44.25,34.61408049352694
44.300000000000004,43.033970048738446
44.35,33.893289638509316
44.400000000000006,33.55295687838422
44.45,74.07110423147425
44.5,28.69054411882524
44.550000000000004,42.26626477805888
44.6,66.73104914883285
44.650000000000006,49.72546493336891
44.7,38.14458451061946
44.75,46.88695695735902
44.800000000000004,46.02178789370288
44.85,46.171425156251686
44.900000000000006,64.30080549808133
44.95,29.933281634308205
45.0,5.857759762154178
45.050000000000004,20.90240588143816
45.1,53.20315658343823
45.150000000000006,53.22613675979236
45.2,26.594933353474893
45.25,40.13307648143576
45.300000000000004,54.56532031803976
45.35,60.600574171168205
45.400000000000006,16.900430937510148
45.45,68.45086517132474
45.5,35.15521173861482
45.550000000000004,46.41293895688837
45.6,-1.0512343575794283
45.650000000000006,48.34019296792753
45.7,76.36167723323595
45.75,45.05045610476948
45.800000000000004,27.505281981881947
45.85,72.76232612797574
45.900000000000006,51.14747889647563
45.95,52.147829504625136
46.0,20.819797997038314
46.050000000000004,-5.079668074196411
46.1,57.45627403192013
46.150000000000006,57.01806551242938
46.2,83.87782248904153
46.25,70.02405674215656
46.300000000000004,59.36763395358518
46.35,87.47574041595509
46.400000000000006,60.46710859669237
46.45,66.1138454676568
46.5,89.14078314549258
46.550000000000004,-0.10734391712559344
46.6,31.648013856125917
46.650000000000006,74.76149485748901
46.7,59.07021818648291
46.75,56.151225816784
46.800000000000004,42.57705589023241
46.85,29.807474231711872
46.900000000000006,77.24172612603405
46.95,60.38337396057534
47.0,53.61940735729098
47.050000000000004,46.36895019275027
47.1,38.12875619589919
47.150000000000006,50.5457105119686
47.2,66.08508673145762
47.25,106.88588483110813
47.300000000000004,68.17502796740487
47.35,84.06563414091723
47.400000000000006,59.99658909803661
47.45,104.7357395190818
47.5,54.893314897379426
47.550000000000004,69.47967344389707
47.6,17.57675483285926
47.650000000000006,38.659463022495146
47.7,26.16877468768873
47.75,51.69373152442487
47.800000000000004,99.28811862418755
47.85,80.4826540907331
47.900000000000006,49.22777882255162
47.95,26.351151165638402
48.0,78.48800261572924
48.050000000000004,23.218595120651024
48.1,68.55902390227614
48.150000000000006,47.61375041503802
48.2,64.10909358231332
48.25,80.43380531977529
48.300000000000004,25.15508278407096
48.35,54.83606144387827
48.400000000000006,84.33144445341051
48.45,75.08366769759178
48.5,68.60044932911293
48.550000000000004,36.605064241723866
48.6,41.196494035186376
48.650000000000006,53.368181878076726
48.7,45.09436305534689
48.75,57.13361161093309
48.800000000000004,28.800569745317105
48.85,6.8549147267190715
48.900000000000006,78.47474315155048
48.95,60.09984572821221
49.0,63.30192861144807
49.050000000000004,61.06071345737197
49.1,34.58493041479825
49.150000000000006,109.12674376020118
49.2,113.6561839476569
49.25,44.51409483222293
49.300000000000004,54.96546541321354
49.35,33.45207370950667
49.400000000000006,68.70391558331181
49.45,40.87099395767906
49.5,41.11462915871856
49.550000000000004,58.51192483754769
49.6,64.50728557963875
49.650000000000006,62.59832269648793
49.7,37.98890896001448
49.75,77.50447120096268
49.800000000000004,23.158323789278846
49.85,45.23647958442126
49.900000000000006,92.64018285976103
49.95,49.354066588269895
50.0,65.75383158411128
50.050000000000004,68.76793394541491
50.1,51.20249270503768
50.150000000000006,40.17294109571947
50.2,60.75714852149299
50.25,29.83906928116732
50.300000000000004,50.945502538520586
50.35,28.373581184597153
50.400000000000006,71.47069956364888
50.45,80.65186035984081
50.5,59.63336138294121
50.550000000000004,25.165426554335586
50.6,67.37255698374665
50.650000000000006,34.48961679653055
50.7,55.231206697779
50.75,51.59935439887025
50.800000000000004,70.25973069923586
50.85,41.6882890878502
50.900000000000006,33.577557867433555
50.95,70.62490203268602
51.0,64.32833431131165
51.050000000000004,41.36245975431832
51.1,62.91102821347505
51.150000000000006,76.23053600104168
51.2,68.14739861608231
51.25,104.7490787347738
51.300000000000004,50.32619078473014
51.35,34.949308763324446
51.400000000000006,30.077960760293777
51.45,39.355383474491575
51.5,10.182645515319205
51.550000000000004,56.950245074589716
51.6,50.57707954992173
51.650000000000006,34.20236149608931
51.7,53.5615157689389
51.75,78.36245371200718
51.800000000000004,81.70678854690688
51.85,41.60823198611892
51.900000000000006,45.365381481689376
51.95,41.61911103266269
52.0,91.26575754473562
52.050000000000004,55.32882389010998
52.1,54.91631441014721
52.150000000000006,13.445771187979119
52.2,41.793184884525516
52.25,61.11451625344296
52.300000000000004,36.44757525114268
52.35,37.68912483283925
52.400000000000006,91.7836439104976
52.45,72.29438204792713
52.5,37.369117320434306
52.550000000000004,71.45799585872848
52.6,64.5944748563825
52.650000000000006,58.39739638388792
52.7,82.4062050239238
52.75,70.16702496336093
52.800000000000004,30.812834825781778
52.85,13.276882697493635
52.900000000000006,27.31693408554234
52.95,91.94502973432805
53.0,40.0594608691742
53.050000000000004,57.467223911029414
53.1,14.526438366828446
53.150000000000006,63.90287873501249
53.2,64.0579676078577
53.25,39.78954667692929
53.300000000000004,50.10527992677497
53.35,-1.2842717367916006
53.400000000000006,62.32867391683262
53.45,35.06497045095919
53.5,39.70196089394575
53.550000000000004,56.66967861967318
53.6,79.57239842506851
53.650000000000006,60.584230315541724
53.7,42.43106261851821
53.75,60.33460292404031
53.800000000000004,84.70047434081904
53.85,67.9571711738421
53.900000000000006,81.76413079296341
53.95,38.18329933299505
54.0,68.59395197384076
54.050000000000004,73.6841538573345
54.1,62.25594078337218
54.150000000000006,51.38080366640302
54.2,74.58023993389315
54.25,15.907555833205926
54.300000000000004,80.65206965789206
54.35,74.61984468067237
54.400000000000006,79.47231739064732
54.45,71.6029739918845
54.5,42.38316380379845
54.550000000000004,119.77787460573293
54.6,47.31364316263639
54.650000000000006,67.96068257473294
54.7,88.451397152128
54.75,36.43332343400384
54.800000000000004,50.98386631779429
54.85,76.39769796912816
54.900000000000006,69.67767109654687
54.95,51.174937472618716
55.0,59.27941336547467
55.050000000000004,74.97935730641792
55.1,59.401309889116675
55.150000000000006,66.3887384601715
55.2,55.55591618685154
55.25,73.76681794172924
55.300000000000004,36.543626731398824
55.35,46.252413569175424
55.400000000000006,41.36781001643665
55.45,49.91992138815825
55.5,64.04882535625345
55.550000000000004,27.07858692237466
55.6,73.47022303594291
55.650000000000006,68.94305398580136
55.7,34.49119154970869
55.75,90.20016231257422
55.800000000000004,68.24491541928641
55.85,58.7546433561652
55.900000000000006,86.7249800377394
55.95,54.26628782583003
56.0,42.30761893698816
56.050000000000004,80.36276776097982
56.1,88.43147575168862
56.150000000000006,60.20863568714965
56.2,68.12018248505684
56.25,66.1365795796794
56.300000000000004,72.52301140883958
56.35,57.830124386582796
56.400000000000006,45.76553167247451
56.45,77.07108377823718
56.5,70.05105476197357
56.550000000000004,44.70966187265594
56.6,38.70959643044993
56.650000000000006,81.69309275279782
56.7,60.90179561684079
56.75,50.91187381867335
56.800000000000004,63.599376850571524
56.85,89.29916263030805
56.900000000000006,81.6396768346506
56.95,58.5492428110953
57.0,37.612497803682864
57.050000000000004,113.60261118171088
57.1,12.36769918938161
57.150000000000006,45.438874971292364
57.2,82.4209385729825
57.25,47.365625958066396
57.300000000000004,34.310536595080606
57.35,55.91956378348343
57.400000000000006,90.02950821616668
57.45,107.30742834761924
57.5,61.38829513501494
57.550000000000004,58.78623154295085
57.6,28.814361813546423
57.650000000000006,53.28947676251758
57.7,35.693096542619855
57.75,99.32214399161798
57.800000000000004,76.60116395394607
57.85,79.72437167703028
57.900000000000006,73.78824625971765
57.95,46.43137856984379
58.0,46.07750197069562
58.050000000000004,44.25780510020568
58.1,62.90744193089433
58.150000000000006,27.484252339645707
58.2,52.944236614123106
58.25,77.25516144961934
58.300000000000004,51.775714898785324
58.35,55.49829445158313
58.400000000000006,66.93299880284931
58.45,50.558503713078714
58.5,66.62759020137334
58.550000000000004,94.88011994158187
58.6,47.42098218403042
58.650000000000006,75.8442969604124
58.7,43.18274778539081
58.75,73.57709776099567
58.800000000000004,43.84280681383556
58.85,88.46243572670194
58.900000000000006,101.24513973460762
58.95,66.97986399967243
59.0,79.81216130882486
59.050000000000004,62.733810926309665
59.1,44.12222808849471
59.150000000000006,105.16022046140154
59.2,81.25204352029635
59.25,53.11572292904846
59.300000000000004,35.256029131304935
59.35,52.63289756937466
59.400000000000006,52.035854095139
59.45,62.61510806259572
59.5,75.31973960626046
59.550000000000004,27.33273561647566
59.6,97.76644251802072
59.650000000000006,43.41614155307161
59.7,69.79552012180451
59.75,63.38434043854372
59.800000000000004,63.36662578369533
59.85,80.9099850004103
59.900000000000006,69.45798564948518
59.95,60.85971878354098
60.0,41.03590990661588
60.050000000000004,39.07072692627882
60.1,97.22600363801254
60.150000000000006,64.59444361072468
60.2,57.9655068459203
60.25,58.92368596909464
60.300000000000004,30.17729233220523
60.35,53.51717053610267
60.400000000000006,58.53555088612275
60.45,37.50383527285901
60.5,64.46381024548279
60.550000000000004,65.68319612226496
60.6,82.62187187705474
60.650000000000006,48.91176551290186
60.7,59.53987169232133
60.75,69.54951672815027
60.800000000000004,51.47767862864994
60.85,25.89795860994065
60.900000000000006,40.92863471037085
60.95,64.42207358084518
61.0,44.19957388089
61.050000000000004,50.27918563756611
61.1,43.310067797143304
61.150000000000006,57.075748151850604
61.2,53.27802260008356
61.25,28.670243692338722
61.300000000000004,62.21723254835668
61.35,102.43913695522822
61.400000000000006,83.27356304590336
61.45,109.561862394714
61.5,99.419040444307
61.550000000000004,61.67096771133062
61.6,77.43603119179684
61.650000000000006,16.262413007471533
61.7,60.488971941913135
61.75,52.99688193692986
61.800000000000004,89.90090051013175
61.85,64.04996572232807
61.900000000000006,47.98339753624002
61.95,15.70597713220006
62.0,41.82591246114791
62.050000000000004,62.33002641634957
62.1,63.79108092337808
62.150000000000006,50.440155243221994
62.2,59.08230846011175
62.25,51.56872918731906
62.300000000000004,78.52410055435976
62.35,100.2156552791233
62.400000000000006,99.20571981093244
62.45,67.77671180096932
62.5,70.38500918790447
62.550000000000004,68.59123360200431
62.6,70.8768374801763
62.650000000000006,69.21598075333033
62.7,65.11433121363542
62.75,27.236998936990414
62.800000000000004,35.706473089277736
62.85,79.53621996296597
62.900000000000006,70.84794208335978
62.95,73.5093266939568
63.0,37.56349914260332
63.050000000000004,46.23310600491573
63.1,46.07953639333939
63.150000000000006,80.97100586706458
63.2,66.6900912028372
63.25,56.90588799360583
63.300000000000004,90.01964019536322
63.35,54.47631414458672
63.400000000000006,99.8479329635117
63.45,72.52983091293366
63.5,53.687294665224016
63.550000000000004,76.18381001346519
63.6,50.28282501285283
63.650000000000006,43.24939018837526
63.7,101.34979245227044
63.75,64.75057026245226
63.800000000000004,78.07906986788376
63.85,80.35180521984313
63.900000000000006,62.90347297164605
63.95,58.8625764246566
64.0,67.62670798343298
64.05,44.86581945703508
64.10000000000001,80.89239638074119
64.15,78.38003898121913
64.2,33.018366006758086
64.25,33.755634841833555
64.3,66.8303786693184
64.35000000000001,73.85372570307544
64.4,56.21844072669235
64.45,70.39093229759678
64.5,52.837094509972324
64.55,74.9497148000762
64.60000000000001,72.82218770686947
64.65,82.52982182797817
64.7,56.56681488441259
64.75,56.3348755866149
64.8,51.56687165703845
64.85000000000001,82.61678588096768
64.9,36.699676841225795
64.95,103.80668753615737
65.0,82.4088627712509
65.05,50.365562511760956
65.10000000000001,52.190699110945324
65.15,81.74855754626455
65.2,52.60475396519497
65.25,57.04972366858608
65.3,52.83005990883962
65.35000000000001,104.28050058817233
65.4,77.40407870707327
65.45,74.73849966813265
65.5,67.61225693071059
65.55,80.15406093544503
65.60000000000001,65.8216326994154
65.65,70.7279257929966
65.7,80.09595961429514
65.75,94.43497218707179
65.8,58.42559357496292
65.85000000000001,93.95137130235452
65.9,87.23810783773443
65.95,84.254034908912
66.0,67.56826637047519
66.05,56.7456097000119
66.10000000000001,67.46027745822016
66.15,83.67018447840017
66.2,56.18269055446297
66.25,93.76177536586741
66.3,93.96751567985469
66.35000000000001,45.06628242235639
66.4,56.154005834913626
66.45,72.88586414985211
66.5,84.5154828041156
66.55,91.89546233597443
66.60000000000001,84.08643879275616
66.65,96.76995353291754
66.7,75.44363800077682
66.75,89.28753982095994
66.8,49.01063104541703
66.85000000000001,54.53207283732215
66.9,77.69915843581839
66.95,99.445458445501
67.0,62.30897906882481
67.05,72.85755469111855
67.10000000000001,85.18007643133477
67.15,31.716063999085563
67.2,57.25616473686643
67.25,57.064611881688435
67.3,59.94565063515355
67.35000000000001,78.92307170132001
67.4,70.66504403393412
67.45,33.33413374960294
67.5,33.713532182699055
67.55,69.43172373073824
67.60000000000001,70.65438988368297
67.65,68.55114578825409
67.7,91.96225125296947
67.75,84.11361368508753
67.8,100.12971247217105
67.85000000000001,66.09184045986609
67.9,61.316374648652314
67.95,82.30468641560894
68.0,93.60385312092251
68.05,91.24387537957068
68.10000000000001,44.528207676387
68.15,97.76109902266681
68.2,104.03669086569221
68.25,54.76691235838113
68.3,55.86755385876249
68.35000000000001,50.40087238452706
68.4,91.12030921065215
68.45,72.2913030509954
68.5,123.30861750599226
68.55,86.06149686989421
68.60000000000001,76.56009132402596
68.65,105.66682514865245
68.7,96.89846335592442
68.75,71.72751783970574
68.8,73.99355569102477
68.85000000000001,83.61360713415822
68.9,90.76288185898204
68.95,94.14222377176444
69.0,70.39591143997418
69.05,64.25258847392031
69.10000000000001,65.06811397432932
69.15,92.33050008454275
69.2,65.0243097278384
69.25,94.24923823976931
69.3,111.51523777721219
69.35000000000001,66.23823399997542
69.4,84.03914062794685
69.45,64.98607755242915
69.5,91.57368504660583
69.55,60.22333073011367
69.60000000000001,80.0666459259921
69.65,67.44709288827924
69.7,61.89841820865986
69.75,82.9047253261046
69.8,91.52383084724497
69.85000000000001,92.91927081630433
69.9,52.540402431419565
69.95,78.9632676184887
70.0,57.195370067507596
70.05,75.24372066909335
70.10000000000001,76.53610235599803
70.15,69.73207188670565
70.2,59.5703235777483
70.25,89.04708770884204
70.3,83.06132208688078
70.35000000000001,97.24601341502627
70.4,107.39209102412215
70.45,88.89421110099364
70.5,94.01779719181351
70.55,35.84238461176308
70.60000000000001,58.520334203321944
70.65,69.60154727999945
70.7,55.90093436895928
70.75,129.4834678426085
70.8,76.59788245639814
70.85000000000001,80.66182391703268
70.9,97.89206338316248
70.95,133.39807895688716
71.0,96.22123851881857
71.05,70.71045881256022
71.10000000000001,87.53319257355824
71.15,99.61661535930722
71.2,68.15874992001875
71.25,49.92540235807925
71.3,79.25809121485626
71.35000000000001,80.60854520620639
71.4,58.321929839205566
71.45,83.70095191229802
71.5,93.0560355730148
71.55,45.20416681761435
71.60000000000001,67.91340948838263
71.65,112.15351887939809
71.7,122.21570873109692
71.75,82.37232421453227
71.8,65.93344782632876
71.85000000000001,56.386974136931116
71.9,91.90556014692145
71.95,84.19879593196288
72.0,68.51286718689254
72.05,53.10722789743784
72.10000000000001,76.90516682990551
72.15,45.426653314823184
72.2,45.71840603303615
72.25,101.45700742662822
72.3,103.7634505501955
72.35000000000001,58.38364727402985
72.4,83.64439280819123
72.45,79.84956018853839
72.5,65.58719348893764
72.55,93.15768273788669
72.60000000000001,106.27810672048554
72.65,130.08157215684838
72.7,107.06820261189483
72.75,88.95452850848075
72.8,67.8105195591138
72.85000000000001,52.70294251443191
72.9,58.19748890250216
72.95,73.30944923441234
73.0,97.67392650958777
73.05,70.64539108877631
73.10000000000001,90.86268770404753
73.15,100.01685242512698
73.2,61.301891522376174
73.25,84.17852193598068
73.3,56.9993114386772
73.35000000000001,78.8176210126367
73.4,72.34836903612884
73.45,91.98268298046408
73.5,98.16581830068777
73.55,78.01450992755083
73.60000000000001,81.89660891274706
73.65,54.57232569176841
73.7,70.44079279381302
73.75,113.83659270283415
73.8,114.32518004614313
73.85000000000001,76.52498474516695
73.9,99.46959309012814
73.95,71.22808388568787
74.0,94.56894509511378
74.05,73.85144414308958
74.10000000000001,76.43076012916241
74.15,68.97096744552869
74.2,67.09946826582414
74.25,88.0729894603831
74.3,106.81891027462895
74.35000000000001,105.12975177392613
74.4,105.44638371796405
74.45,43.77036949074072
74.5,110.30905266348559
74.55,50.168278541692715
74.60000000000001,82.95930168329726
74.65,74.9637247218871
74.7,66.01684743867212
74.75,73.69490341255064
74.8,88.98463742630481
74.85000000000001,77.1098401075901
74.9,102.3873931838855
74.95,92.73269680518742
75.0,108.05063797616793
75.05,66.43730338675122
75.10000000000001,109.62930774507046
75.15,74.0028928200686
75.2,71.65400370405497
75.25,85.18997183260404
75.3,78.86038140070062
75.35000000000001,98.48876358747694
75.4,115.37439616904649
75.45,96.66450008045555
75.5,82.83072465476823
75.55,111.63611167825398
75.60000000000001,81.8207668875623
75.65,81.5339842537081
75.7,54.11167040787935
75.75,68.7095428386938
75.8,125.65400471546468
75.85000000000001,90.47467554996544
75.9,79.41435580496321
75.95,119.0483275419256
76.0,59.092972985647535
76.05,85.1233010100494
76.10000000000001,70.4652759043318
76.15,106.20485964643845
76.2,34.325021340397036
76.25,75.06834166186324
76.3,106.04362318506251
76.35000000000001,50.54709279635816
76.4,92.42125559106324
76.45,69.18230853303925
76.5,77.83920073612781
76.55,82.06642627987162
76.60000000000001,91.30374164022818
76.65,99.39274956697594
76.7,154.08389686411195
76.75,85.67858550611392
76.80000000000001,82.68039675175098
76.85000000000001,83.3584374153718
76.9,115.00585383455835
76.95,89.10402628509463
77.0,85.178496148357
77.05000000000001,63.05069285979568
77.10000000000001,106.76921674611476
77.15,104.9075111686319
77.2,75.27359057554159
77.25,70.15425384600219
77.30000000000001,57.923995922839396
77.35000000000001,97.64197347923916
77.4,50.87289554921735
77.45,75.73070693170015
77.5,86.2173772424356
77.55000000000001,60.35593449289714
77.60000000000001,50.03005884294584
77.65,69.06900512082287
77.7,94.25747750872291
77.75,59.29963663852761
77.80000000000001,89.27147249795269
77.85000000000001,80.14330068113951
77.9,63.64886898545452
77.95,92.70037711347919
78.0,53.714339179661586
78.05000000000001,90.52568553130504
78.10000000000001,73.22228868063061
78.15,92.66933277553598
78.2,66.29307422054782
78.25,85.59984119600787
78.30000000000001,74.20472694444662
78.35000000000001,54.467524973458005
78.4,86.55815510918558
78.45,75.46351510129541
78.5,113.75157265710689
78.55000000000001,83.86487979560872
78.60000000000001,87.03982171805512
78.65,68.24762403707417
78.7,95.76048356221878
78.75,51.57968125138307
78.80000000000001,69.41514862221985
78.85000000000001,70.72690643623116
78.9,69.35260260835369
78.95,85.02199459420997
79.0,64.84047749113428
79.05000000000001,63.9918261271956
79.10000000000001,75.20593621572442
79.15,93.23170893557351
79.2,95.77111116777121
79.25,56.792761978339115
79.30000000000001,65.09942078964924
79.35000000000001,120.50645829910188
79.4,117.88038013077012
79.45,84.73606488682694
79.5,59.867021275412036
79.55000000000001,98.32277930526732
79.60000000000001,67.3739395551436
79.65,103.61444828687485
79.7,96.42075008306205
79.75,90.18713591138793
79.80000000000001,96.46783720215892
79.85000000000001,68.69575873103601
79.9,85.32782508344954
79.95,69.57697446648658
80.0,107.36228035272102
80.05000000000001,126.99939606919106
80.10000000000001,74.15319166710191
80.15,59.263154767956145
80.2,73.56557765765989
80.25,76.30004900749017
80.30000000000001,121.79236191229221
80.35000000000001,84.02566983427218
80.4,78.05230630103098
80.45,80.56481734559858
80.5,65.36862134340453
80.55000000000001,114.84802227778754
80.60000000000001,80.1666627190631
80.65,68.66869084428002
80.7,65.20511586864595
80.75,76.58015735662723
80.80000000000001,47.92774683937711
80.85000000000001,47.930082155181914
80.9,104.70937179898709
80.95,114.65260377135228
81.0,114.32878558073531
81.05000000000001,59.03062357282991
81.10000000000001,82.90771433525451
81.15,60.67944853583296
81.2,110.5324081429868
81.25,80.09766736871764
81.30000000000001,55.128414344680955
81.35000000000001,106.03573927571665
81.4,120.03355219543104
81.45,72.63550240706324
81.5,71.32511764184235
81.55000000000001,68.82630216257965
81.60000000000001,106.41467686148903
81.65,61.46330656784932
81.7,67.80266904162083
81.75,137.2103293283398
81.80000000000001,111.18224921907539
81.85000000000001,71.15046593452894
81.9,99.22941474931606
81.95,130.02020178340962
82.0,117.65135518723733
82.05000000000001,45.67736705155846
82.10000000000001,83.06594970585397
82.15,90.85443315844311
82.2,82.47242694282401
82.25,66.93470502815265
82.30000000000001,101.17292790682504
82.35000000000001,94.71530062771387
82.4,97.93474995471395
82.45,96.08928010312232
82.5,44.44286688642222
82.55000000000001,73.19380509143457
82.60000000000001,57.55418705935469
82.65,110.94457458834451
82.7,118.4706547988124
82.75,48.271279543692934
82.80000000000001,74.14323317163458
82.85000000000001,106.58947300647388
82.9,112.77418568112928
82.95,59.492506819292636
83.0,83.93118114242961
83.05000000000001,75.24801393664072
83.10000000000001,76.7782498132184
83.15,68.45903122077642
83.2,83.12193676838879
83.25,102.83991403316978
83.30000000000001,64.95260594552819
83.35000000000001,88.38010549098368
83.4,108.55030142682459
83.45,124.62029114131305
83.5,63.30930295408105
83.55000000000001,94.94998793325858
83.60000000000001,116.17154095118671
83.65,84.33204083140006
83.7,74.45989536043834
83.75,77.05777668509289
83.80000000000001,53.95640402799921
83.85000000000001,73.92642626035266
83.9,79.75700343862339
83.95,94.18467271081386
84.0,92.49277589486442
84.05000000000001,109.55465654984143
84.10000000000001,73.45796422058828
84.15,103.67020295154215
84.2,72.32122848093076
84.25,72.93436019139119
84.30000000000001,88.92414777572937
84.35000000000001,91.08625679488974
84.4,79.40498394782507
84.45,111.9747954248195
84.5,60.48609052954679
84.55000000000001,90.60264639499705
84.60000000000001,83.79083237185279
84.65,85.24771092173486
84.7,74.44986215808709
84.75,87.25916988216379
84.80000000000001,84.30493751620267
84.85000000000001,70.79022896913638
84.9,104.57758100365169
84.95,108.38740418414125
85.0,104.59611341345088
85.05000000000001,142.5606658184338
85.10000000000001,116.15210300799339
85.15,84.25732756100443
85.2,70.65722142897518
85.25,70.20512259553315
85.30000000000001,82.66879692065825
85.35000000000001,103.28087473300273
85.4,78.20302492808013
85.45,64.32814478149213
85.5,114.6670236952177
85.55000000000001,71.70506847817036
85.60000000000001,99.67570863791735
85.65,111.69630873092711
85.7,109.20572631314104
85.75,123.67123294831055
85.80000000000001,118.14996416635692
85.85000000000001,73.43116913900072
85.9,56.03474057260901
85.95,82.55125943500443
86.0,74.19021298970202
86.05000000000001,78.68814882615438
86.10000000000001,95.76780168715842
86.15,106.30922955106601
86.2,65.8275516170378
86.25,92.21936602664731
86.30000000000001,89.6840964350363
86.35000000000001,83.4331667541643
86.4,96.21420519615603
86.45,71.08477159434099
86.5,81.43660653937019
86.55000000000001,127.82645077357766
86.60000000000001,73.85943637188441
86.65,88.95950536798705
86.7,64.83620501714562
86.75,84.64654783851802
86.80000000000001,83.53001264290543
86.85000000000001,96.99729693948262
86.9,94.88985035644906
86.95,100.78890988064275
87.0,72.87972116133659
87.05000000000001,114.18927481474888
87.10000000000001,124.69661508779014
87.15,112.40405823153205
87.2,102.42739298887861
87.25,79.161536738069
87.30000000000001,87.80499471630894
87.35000000000001,52.58325528312863
87.4,101.50044299349887
87.45,88.41789140920739
87.5,101.16919976416264
87.55000000000001,49.65647880565823
87.60000000000001,80.77335333152519
87.65,105.24494657911065
87.7,96.37309650625298
87.75,105.02990626574388
87.80000000000001,97.43816060931613
87.85000000000001,81.35214327048557
87.9,68.29640863179205
87.95,94.6264375458567
88.0,99.88100506202696
88.05000000000001,68.34993398818682
88.10000000000001,111.1127481887488
88.15,90.19468416638367
88.2,87.82426449247336
88.25,129.47053298988754
88.30000000000001,110.59256074806564
88.35000000000001,108.16298013832731
88.4,115.89503652442932
88.45,117.0350937531226
88.5,85.85160706735455
88.55000000000001,79.9203860969139
88.60000000000001,88.5194245613146
88.65,62.566075085664835
88.7,102.01110846126765
88.75,108.8512406105665
88.80000000000001,79.40554818809748
88.85000000000001,93.14907761807164
88.9,84.03018135454207
88.95,79.30495681530257
89.0,113.224111647349
89.05000000000001,97.59807544077415
89.10000000000001,76.4090036218773
89.15,69.72455332872413
89.2,90.65802375095822
89.25,134.73733727813828
89.30000000000001,73.79047147338494
89.35000000000001,122.21643405605873
89.4,82.10048252306359
89.45,79.35781595289956
89.5,102.85110493248621
89.55000000000001,126.51277164663982
89.60000000000001,98.51634808790475
89.65,58.750900460705694
89.7,93.37287910856269
89.75,113.81512855187097
89.80000000000001,105.2835049128432
89.85000000000001,103.02778719116262
89.9,91.89370291640839
89.95,46.995793437016175
90.0,84.45591692591161
90.05000000000001,66.49724136712572
90.10000000000001,75.72930413402669
90.15,79.48519618987054
90.2,84.01891193266655
90.25,68.11200118001364
90.30000000000001,91.45159550326062
90.35000000000001,90.67109529160929
90.4,89.28128541045334
90.45,80.81761214875803
90.5,174.73473710620826
90.55000000000001,105.19981838466525
90.60000000000001,100.6388034837381
90.65,90.13667064975533
90.7,71.98278020661843
90.75,55.880367385711125
90.80000000000001,99.23512533758323
90.85000000000001,61.20268615566787
90.9,67.18949662456856
90.95,113.34349322608453
91.0,104.37873002583987
91.05000000000001,130.45977052698336
91.10000000000001,91.93954810121267
91.15,97.53301876578747
91.2,124.0473074880776
91.25,58.7526647060245
91.30000000000001,109.19318788199982
91.35000000000001,120.89489467799858
91.4,111.63014220672366
91.45,90.34885044597355
91.5,88.88815475845573
91.55000000000001,130.25455117507454
91.60000000000001,124.63587449471002
91.65,88.79849499066766
91.7,107.49672667176395
91.75,125.78252677003405
91.80000000000001,94.78538066635294
91.85000000000001,127.90467304084142
91.9,38.159702024667475
91.95,81.81066934431647
92.0,96.0756055754575
92.05000000000001,70.2055218417963
92.10000000000001,61.130755335039815
92.15,80.06249777781156
92.2,99.46725630090508
92.25,118.37465950785956
92.30000000000001,74.70850102451998
92.35000000000001,84.82458029963774
92.4,86.97374363000739
92.45,94.80792898580789
92.5,142.29914374751812
92.55000000000001,89.64022293135223
92.60000000000001,94.5793526027024
92.65,97.77358717005853
92.7,99.99637651418197
92.75,77.76092252542202
92.80000000000001,87.56343834952781
92.85000000000001,68.1270840175208
92.9,105.83886275141953
92.95,115.42199298425774
93.0,77.81574219314689
93.05000000000001,104.72302228888395
93.10000000000001,72.48036840553071
93.15,92.99047846215812
93.2,84.30289304886382
93.25,106.26812548866955
93.30000000000001,123.01918754460006
93.35000000000001,98.24372811767115
93.4,77.55525181355638
93.45,99.21089492255348
93.5,100.67243382140454
93.55000000000001,97.03389593307028
93.60000000000001,113.073511567814
93.65,92.86165943272341
93.7,88.80727781069716
93.75,104.58787345635453
93.80000000000001,105.98255795034862
93.85000000000001,104.02056885203733
93.9,89.4812631597559
93.95,129.16390993682447
94.0,119.40673490967946
94.05000000000001,99.81375700226111
94.10000000000001,99.7047839058327
94.15,134.1456438641203
94.2,74.24803087889856
94.25,68.85186106192421
94.30000000000001,147.62161678284804
94.35000000000001,108.33950684937817
94.4,90.38135024157617
94.45,65.92914110274386
94.5,111.31506505816459
94.55000000000001,99.21495882361813
94.60000000000001,111.03447239077555
94.65,75.1862676823813
94.7,153.48734530553125
94.75,88.75562847876057
94.80000000000001,125.62206303812049
94.85000000000001,67.85246327099485
94.9,112.7401120859587
94.95,78.77252939005338
95.0,77.92746518688273
95.05000000000001,130.05862704613082
95.10000000000001,97.07652156835518
95.15,93.84714776236545
95.2,93.18731820296921
95.25,114.89717946119164
95.30000000000001,103.69577563982556
95.35000000000001,70.60895290061954
95.4,103.10155881398516
95.45,122.2364044453125
95.5,58.03844131638658
95.55000000000001,88.57186987164013
95.60000000000001,79.87370836026902
95.65,74.44006608364164
95.7,126.5170073853795
95.75,89.19752243549692
95.80000000000001,122.69123744982467
95.85000000000001,109.41441817935271
95.9,109.00987857046898
95.95,91.0235310525621
96.0,107.26323969958551
96.05000000000001,63.4182080765648
96.10000000000001,101.20326880898254
96.15,88.92312948191656
96.2,103.3126306395075
96.25,102.34791038324956
96.30000000000001,89.5770992704483
96.35000000000001,106.0132657360473
96.4,87.38156219406152
96.45,111.546947608291
96.5,108.53389993806398
96.55000000000001,119.35616373076931
96.60000000000001,124.96333893680136
96.65,70.98723147935661
96.7,70.96931645898951
96.75,76.97355240008649
96.80000000000001,95.19178985017177
96.85000000000001,88.5038218810696
96.9,102.49849068292005
96.95,86.54650280227122
97.0,118.2333469019383
97.05000000000001,102.50392376016363
97.10000000000001,122.03300287066358
97.15,86.58850477658264
97.2,99.35877561859978
97.25,97.11751690224864
97.30000000000001,85.59855291268674
97.35000000000001,163.17986956209583
97.4,89.49506434310021
97.45,78.66848191870827
97.5,103.32663239465286
97.55000000000001,103.43045817097938
97.60000000000001,76.28786924831064
97.65,93.94170508833342
97.7,99.59193716952745
97.75,106.73534645188276
97.80000000000001,117.07832991261381
97.85000000000001,79.5631300314598
97.9,128.84185608796582
97.95,122.97262436682333
98.0,117.51365819036408
98.05000000000001,83.59372369597686
98.10000000000001,91.64918411734125
98.15,100.41089967375528
98.2,127.2455175380695
98.25,111.6608015017905
98.30000000000001,78.12291116268119
98.35000000000001,121.2893859588177
98.4,87.92469380428489
98.45,93.42960318227892
98.5,111.27685997544778
98.55000000000001,114.87146652098156
98.60000000000001,111.84211195378721
98.65,89.91156415519347
98.7,85.49084741655285
98.75,112.77153555061138
98.80000000000001,62.493216307021214
98.85000000000001,116.9630204300494
98.9,107.85739352281328
98.95,63.729707162683276
99.0,111.20082903290222
99.05000000000001,75.53550609070058
99.10000000000001,99.92834739055435
99.15,128.36497703782575
99.2,85.05140683731983
99.25,101.34175316739869
99.30000000000001,84.51746114509518
99.35000000000001,90.04645929672459
99.4,79.98888821205749
99.45,120.34043751543084
99.5,121.08454411377895
99.55000000000001,101.8217234283969
99.60000000000001,98.1353347550563
99.65,109.10792014905844
99.7,146.6807753451303
99.75,102.74512797996985
99.80000000000001,75.28803455470168
99.85000000000001,102.0211362135937
99.9,61.73926710523536
99.95,83.12682086572144
100.0,122.08789510355545
